timestamp,sha,proxy_provider,elapsed_time,total_active_frontend_services
2024-08-19:02:21:54,e7dc42a5,traefik,835,5
2024-08-19:02:22:07,5df46476,traefik,3212,5
2024-08-19:02:22:20,c661e32d,traefik,3130,5
2024-08-19:02:22:33,3f6fcd49,traefik,3261,5
2024-08-19:02:22:46,f8684f9c,traefik,3051,5
2024-08-19:02:30:15,e7dc42a5,nginx,2816,6
2024-08-19:02:30:27,4d200b62,nginx,2524,6
2024-08-19:02:30:40,c661e32d,nginx,2331,6
2024-08-19:02:30:52,5df46476,nginx,2184,6
2024-08-19:02:31:05,3f6fcd49,nginx,3129,6
2024-08-19:02:31:18,f8684f9c,nginx,2558,6
2024-08-19:02:38:48,df8f00bf,traefik,1114,7
2024-08-19:02:39:02,4d200b62,traefik,4020,7
2024-08-19:02:39:15,e7dc42a5,traefik,3447,7
2024-08-19:02:39:29,f8684f9c,traefik,3376,7
2024-08-19:02:39:43,3f6fcd49,traefik,3719,7
2024-08-19:02:39:56,c661e32d,traefik,3282,7
2024-08-19:02:40:11,5df46476,traefik,4685,7
2024-08-19:02:47:02,6a99e748,nginx,1761,8
2024-08-19:02:47:15,df8f00bf,nginx,2762,8
2024-08-19:02:47:28,e7dc42a5,nginx,2512,8
2024-08-19:02:47:40,4d200b62,nginx,2540,8
2024-08-19:02:47:53,c661e32d,nginx,2509,8
2024-08-19:02:48:06,5df46476,nginx,2702,8
2024-08-19:02:48:18,3f6fcd49,nginx,2387,8
2024-08-19:02:48:31,f8684f9c,nginx,2558,8
2024-08-19:03:04:57,3047a953,traefik,1233,9
2024-08-19:03:05:12,6a99e748,traefik,4821,9
2024-08-19:03:05:26,df8f00bf,traefik,3909,9
2024-08-19:03:05:40,5df46476,traefik,3746,9
2024-08-19:03:05:54,c661e32d,traefik,3836,9
2024-08-19:03:06:08,3f6fcd49,traefik,4155,9
2024-08-19:03:06:22,f8684f9c,traefik,3767,9
2024-08-19:03:06:36,e7dc42a5,traefik,3990,9
2024-08-19:03:06:50,4d200b62,traefik,3616,9
2024-08-19:03:13:11,5174eeae,nginx,1383,10
2024-08-19:03:13:24,3047a953,nginx,2866,10
2024-08-19:03:13:37,6a99e748,nginx,2612,10
2024-08-19:03:13:50,df8f00bf,nginx,2778,10
2024-08-19:03:14:03,e7dc42a5,nginx,3184,10
2024-08-19:03:14:16,4d200b62,nginx,3104,10
2024-08-19:03:14:29,c661e32d,nginx,2687,10
2024-08-19:03:14:42,5df46476,nginx,2699,10
2024-08-19:03:14:54,3f6fcd49,nginx,2720,10
2024-08-19:03:15:09,f8684f9c,nginx,4680,10
2024-08-19:03:21:36,5174eeae,traefik,4125,11
2024-08-19:03:21:50,53e1bd05,traefik,3783,11
2024-08-19:03:22:05,3047a953,traefik,4495,11
2024-08-19:03:22:19,4d200b62,traefik,4069,11
2024-08-19:03:22:33,e7dc42a5,traefik,3899,11
2024-08-19:03:22:47,f8684f9c,traefik,3783,11
2024-08-19:03:23:01,3f6fcd49,traefik,4001,11
2024-08-19:03:23:15,c661e32d,traefik,4191,11
2024-08-19:03:23:29,5df46476,traefik,4126,11
2024-08-19:03:23:43,df8f00bf,traefik,4091,11
2024-08-19:03:23:57,6a99e748,traefik,4270,11
2024-08-19:03:29:56,3420b7d5,nginx,1576,12
2024-08-19:03:30:11,53e1bd05,nginx,4230,12
2024-08-19:03:30:24,5174eeae,nginx,3114,12
2024-08-19:03:30:37,3047a953,nginx,3072,12
2024-08-19:03:30:50,6a99e748,nginx,3234,12
2024-08-19:03:31:04,df8f00bf,nginx,3577,12
2024-08-19:03:31:17,e7dc42a5,nginx,3082,12
2024-08-19:03:31:30,4d200b62,nginx,2991,12
2024-08-19:03:31:43,c661e32d,nginx,2981,12
2024-08-19:03:31:56,5df46476,nginx,3053,12
2024-08-19:03:32:09,3f6fcd49,nginx,3175,12
2024-08-19:03:32:22,f8684f9c,nginx,2991,12
2024-08-19:03:38:21,dcb72315,traefik,1600,13
2024-08-19:03:38:35,3420b7d5,traefik,4050,13
2024-08-19:03:38:49,53e1bd05,traefik,4114,13
2024-08-19:03:39:04,6a99e748,traefik,4738,13
2024-08-19:03:39:18,df8f00bf,traefik,4183,13
2024-08-19:03:39:32,5df46476,traefik,4216,13
2024-08-19:03:39:46,c661e32d,traefik,4145,13
2024-08-19:03:40:01,3f6fcd49,traefik,4481,13
2024-08-19:03:40:16,f8684f9c,traefik,4590,13
2024-08-19:03:40:30,e7dc42a5,traefik,4376,13
2024-08-19:03:40:45,4d200b62,traefik,4496,13
2024-08-19:03:40:59,3047a953,traefik,4462,13
2024-08-19:03:41:14,5174eeae,traefik,4812,13
2024-08-19:03:46:46,dcb72315,nginx,3250,14
2024-08-19:03:47:00,caaf920e,nginx,3152,14
2024-08-19:03:47:13,3420b7d5,nginx,3082,14
2024-08-19:03:47:26,53e1bd05,nginx,3085,14
2024-08-19:03:47:39,5174eeae,nginx,3166,14
2024-08-19:03:47:52,3047a953,nginx,3211,14
2024-08-19:03:48:06,6a99e748,nginx,3323,14
2024-08-19:03:48:19,df8f00bf,nginx,3059,14
2024-08-19:03:48:32,e7dc42a5,nginx,2988,14
2024-08-19:03:48:45,4d200b62,nginx,3286,14
2024-08-19:03:48:58,c661e32d,nginx,3044,14
2024-08-19:03:49:12,5df46476,nginx,3119,14
2024-08-19:03:49:25,3f6fcd49,nginx,3084,14
2024-08-19:03:49:38,f8684f9c,nginx,3062,14
2024-08-19:03:55:08,caaf920e,traefik,6185,15
2024-08-19:03:55:22,6bfe80f2,traefik,4748,15
2024-08-19:03:55:37,dcb72315,traefik,4585,15
2024-08-19:03:55:52,5174eeae,traefik,4557,15
2024-08-19:03:56:07,3047a953,traefik,5211,15
2024-08-19:03:56:22,4d200b62,traefik,4772,15
2024-08-19:03:56:36,e7dc42a5,traefik,4674,15
2024-08-19:03:56:51,f8684f9c,traefik,4623,15
2024-08-19:03:57:06,3f6fcd49,traefik,5307,15
2024-08-19:03:57:21,c661e32d,traefik,4572,15
2024-08-19:03:57:36,5df46476,traefik,4732,15
2024-08-19:03:57:50,df8f00bf,traefik,4258,15
2024-08-19:03:58:05,6a99e748,traefik,4821,15
2024-08-19:03:58:20,53e1bd05,traefik,4407,15
2024-08-19:03:58:34,3420b7d5,traefik,4483,15
2024-08-19:04:03:16,bfbd1b7e,nginx,2041,16
2024-08-19:04:03:30,6bfe80f2,nginx,3615,16
2024-08-19:04:03:44,dcb72315,nginx,3489,16
2024-08-19:04:03:57,caaf920e,nginx,3379,16
2024-08-19:04:04:10,3420b7d5,nginx,3417,16
2024-08-19:04:04:24,53e1bd05,nginx,3476,16
2024-08-19:04:04:38,5174eeae,nginx,3560,16
2024-08-19:04:04:51,3047a953,nginx,3463,16
2024-08-19:04:05:06,6a99e748,nginx,4881,16
2024-08-19:04:05:20,df8f00bf,nginx,3809,16
2024-08-19:04:05:33,e7dc42a5,nginx,3459,16
2024-08-19:04:05:47,4d200b62,nginx,3347,16
2024-08-19:04:06:00,c661e32d,nginx,3287,16
2024-08-19:04:06:14,5df46476,nginx,3509,16
2024-08-19:04:06:27,3f6fcd49,nginx,3483,16
2024-08-19:04:06:41,f8684f9c,nginx,3380,16
2024-08-19:04:25:09,bfbd1b7e,traefik,6879,17
2024-08-19:04:25:24,26a1975f,traefik,5158,17
2024-08-19:04:25:40,6bfe80f2,traefik,6356,17
2024-08-19:04:25:55,3420b7d5,traefik,5027,17
2024-08-19:04:26:11,53e1bd05,traefik,5520,17
2024-08-19:04:26:26,6a99e748,traefik,5151,17
2024-08-19:04:26:42,df8f00bf,traefik,5299,17
2024-08-19:04:26:57,5df46476,traefik,5180,17
2024-08-19:04:27:12,c661e32d,traefik,5274,17
2024-08-19:04:27:27,3f6fcd49,traefik,4744,17
2024-08-19:04:27:42,f8684f9c,traefik,4878,17
2024-08-19:04:27:57,e7dc42a5,traefik,5022,17
2024-08-19:04:28:12,4d200b62,traefik,5059,17
2024-08-19:04:28:27,3047a953,traefik,4767,17
2024-08-19:04:28:42,5174eeae,traefik,4816,17
2024-08-19:04:28:57,dcb72315,traefik,4827,17
2024-08-19:04:29:12,caaf920e,traefik,5192,17
2024-08-19:04:35:19,14bd1425,nginx,2018,18
2024-08-19:04:35:32,26a1975f,nginx,3538,18
2024-08-19:04:35:46,bfbd1b7e,nginx,3631,18
2024-08-19:04:36:00,6bfe80f2,nginx,3628,18
2024-08-19:04:36:13,dcb72315,nginx,3869,18
2024-08-19:04:36:27,caaf920e,nginx,3789,18
2024-08-19:04:36:41,3420b7d5,nginx,3561,18
2024-08-19:04:36:55,53e1bd05,nginx,3767,18
2024-08-19:04:37:09,5174eeae,nginx,3907,18
2024-08-19:04:37:22,3047a953,nginx,3451,18
2024-08-19:04:37:36,6a99e748,nginx,3659,18
2024-08-19:04:37:50,df8f00bf,nginx,3797,18
2024-08-19:04:38:04,e7dc42a5,nginx,3941,18
2024-08-19:04:38:18,4d200b62,nginx,3771,18
2024-08-19:04:38:31,c661e32d,nginx,3583,18
2024-08-19:04:38:45,5df46476,nginx,3531,18
2024-08-19:04:38:58,3f6fcd49,nginx,3674,18
2024-08-19:04:39:12,f8684f9c,nginx,3596,18
2024-08-19:04:45:17,26276f7c,traefik,2285,19
2024-08-19:04:45:33,14bd1425,traefik,5063,19
2024-08-19:04:45:48,26a1975f,traefik,5296,19
2024-08-19:04:46:03,caaf920e,traefik,5463,19
2024-08-19:04:46:19,dcb72315,traefik,5539,19
2024-08-19:04:46:34,5174eeae,traefik,5400,19
2024-08-19:04:46:49,3047a953,traefik,4828,19
2024-08-19:04:47:05,4d200b62,traefik,5734,19
2024-08-19:04:47:20,e7dc42a5,traefik,5032,19
2024-08-19:04:47:35,f8684f9c,traefik,5140,19
2024-08-19:04:47:51,3f6fcd49,traefik,5229,19
2024-08-19:04:48:06,c661e32d,traefik,5787,19
2024-08-19:04:48:22,5df46476,traefik,5515,19
2024-08-19:04:48:37,df8f00bf,traefik,5051,19
2024-08-19:04:48:52,6a99e748,traefik,5034,19
2024-08-19:04:49:07,53e1bd05,traefik,5177,19
2024-08-19:04:49:23,3420b7d5,traefik,5428,19
2024-08-19:04:49:38,6bfe80f2,traefik,4950,19
2024-08-19:04:49:53,bfbd1b7e,traefik,5071,19
2024-08-19:04:55:15,01b63360,nginx,2269,20
2024-08-19:04:55:29,26276f7c,nginx,3951,20
2024-08-19:04:55:43,14bd1425,nginx,4086,20
2024-08-19:04:55:57,26a1975f,nginx,3816,20
2024-08-19:04:56:11,bfbd1b7e,nginx,4100,20
2024-08-19:04:56:25,6bfe80f2,nginx,3828,20
2024-08-19:04:56:39,dcb72315,nginx,3883,20
2024-08-19:04:56:53,caaf920e,nginx,4000,20
2024-08-19:04:57:07,3420b7d5,nginx,4205,20
2024-08-19:04:57:21,53e1bd05,nginx,3946,20
2024-08-19:04:57:35,5174eeae,nginx,3964,20
2024-08-19:04:57:49,3047a953,nginx,3737,20
2024-08-19:04:58:03,6a99e748,nginx,4091,20
2024-08-19:04:58:17,df8f00bf,nginx,3962,20
2024-08-19:04:58:31,e7dc42a5,nginx,4081,20
2024-08-19:04:58:45,4d200b62,nginx,3719,20
2024-08-19:04:58:59,c661e32d,nginx,3691,20
2024-08-19:04:59:13,5df46476,nginx,4106,20
2024-08-19:04:59:26,3f6fcd49,nginx,3702,20
2024-08-19:04:59:40,f8684f9c,nginx,3673,20
2024-08-19:05:05:28,ce6e9ca4,traefik,2339,21
2024-08-19:05:05:44,01b63360,traefik,5537,21
2024-08-19:05:05:59,26276f7c,traefik,5555,21
2024-08-19:05:06:15,bfbd1b7e,traefik,5876,21
2024-08-19:05:06:31,6bfe80f2,traefik,5526,21
2024-08-19:05:06:47,3420b7d5,traefik,5452,21
2024-08-19:05:07:02,53e1bd05,traefik,5777,21
2024-08-19:05:07:18,6a99e748,traefik,5718,21
2024-08-19:05:07:34,df8f00bf,traefik,5650,21
2024-08-19:05:07:50,5df46476,traefik,5749,21
2024-08-19:05:08:06,c661e32d,traefik,6194,21
2024-08-19:05:08:21,3f6fcd49,traefik,5537,21
2024-08-19:05:08:37,f8684f9c,traefik,5445,21
2024-08-19:05:08:53,e7dc42a5,traefik,5521,21
2024-08-19:05:09:09,4d200b62,traefik,6227,21
2024-08-19:05:09:25,3047a953,traefik,5766,21
2024-08-19:05:09:40,5174eeae,traefik,5730,21
2024-08-19:05:09:56,dcb72315,traefik,5471,21
2024-08-19:05:10:14,caaf920e,traefik,8004,21
2024-08-19:05:10:30,26a1975f,traefik,6044,21
2024-08-19:05:10:46,14bd1425,traefik,5490,21
2024-08-19:05:15:25,2c45057b,nginx,2435,22
2024-08-19:05:15:40,ce6e9ca4,nginx,4550,22
2024-08-19:05:15:54,01b63360,nginx,4307,22
2024-08-19:05:16:09,26276f7c,nginx,4726,22
2024-08-19:05:16:23,14bd1425,nginx,4394,22
2024-08-19:05:16:38,26a1975f,nginx,4247,22
2024-08-19:05:16:52,bfbd1b7e,nginx,4222,22
2024-08-19:05:17:07,6bfe80f2,nginx,4753,22
2024-08-19:05:17:21,dcb72315,nginx,4000,22
2024-08-19:05:17:35,caaf920e,nginx,4326,22
2024-08-19:05:17:50,3420b7d5,nginx,4521,23
2024-08-19:05:18:05,53e1bd05,nginx,4747,23
2024-08-19:05:18:18,236c7114,nginx,7598,23
2024-08-19:05:18:21,5174eeae,nginx,5876,23
2024-08-19:05:18:33,2c45057b,nginx,5302,23
2024-08-19:05:18:36,3047a953,nginx,4723,23
2024-08-19:05:18:48,ce6e9ca4,nginx,5289,23
2024-08-19:05:18:52,6a99e748,nginx,4821,23
2024-08-19:05:19:04,01b63360,nginx,5668,23
2024-08-19:05:19:07,df8f00bf,nginx,5366,23
2024-08-19:05:19:21,26276f7c,nginx,6415,23
2024-08-19:05:19:24,e7dc42a5,nginx,6412,23
2024-08-19:05:19:36,14bd1425,nginx,5725,23
2024-08-19:05:19:40,4d200b62,nginx,5508,23
2024-08-19:05:19:52,26a1975f,nginx,5430,23
2024-08-19:05:19:55,c661e32d,nginx,4993,23
2024-08-19:05:20:11,bfbd1b7e,nginx,8806,23
2024-08-19:05:20:10,5df46476,nginx,4690,23
2024-08-19:05:20:26,3f6fcd49,nginx,5642,23
2024-08-19:05:20:26,6bfe80f2,nginx,5484,23
2024-08-19:05:20:41,f8684f9c,nginx,4860,23
2024-08-19:05:20:40,dcb72315,nginx,4020,23
2024-08-19:05:20:56,caaf920e,nginx,5671,23
2024-08-19:05:21:11,3420b7d5,nginx,4282,23
2024-08-19:05:21:25,53e1bd05,nginx,4434,23
2024-08-19:05:21:39,5174eeae,nginx,4312,23
2024-08-19:05:21:54,3047a953,nginx,4285,23
2024-08-19:05:22:08,6a99e748,nginx,4479,23
2024-08-19:05:22:23,df8f00bf,nginx,4272,23
2024-08-19:05:22:37,e7dc42a5,nginx,4042,23
2024-08-19:05:22:51,4d200b62,nginx,4143,23
2024-08-19:05:23:06,c661e32d,nginx,4567,23
2024-08-19:05:23:20,5df46476,nginx,4326,23
2024-08-19:05:23:34,3f6fcd49,nginx,4311,23
2024-08-19:05:23:48,f8684f9c,nginx,3991,23
2024-08-19:05:26:39,3b3fa9c7,traefik,2617,24
2024-08-19:05:26:55,2c45057b,traefik,6198,24
2024-08-19:05:27:11,236c7114,traefik,6347,24
2024-08-19:05:27:28,ce6e9ca4,traefik,6028,24
2024-08-19:05:27:43,14bd1425,traefik,5755,24
2024-08-19:05:27:59,26a1975f,traefik,5943,24
2024-08-19:05:28:16,caaf920e,traefik,6491,24
2024-08-19:05:28:32,dcb72315,traefik,5742,24
2024-08-19:05:28:48,5174eeae,traefik,6066,24
2024-08-19:05:29:05,3047a953,traefik,6672,24
2024-08-19:05:29:21,4d200b62,traefik,6265,24
2024-08-19:05:29:37,e7dc42a5,traefik,6036,24
2024-08-19:05:29:53,f8684f9c,traefik,6324,24
2024-08-19:05:30:13,3f6fcd49,traefik,9098,24
2024-08-19:05:30:29,c661e32d,traefik,6443,24
2024-08-19:05:30:46,5df46476,traefik,6595,24
2024-08-19:05:31:02,df8f00bf,traefik,6627,24
2024-08-19:05:31:20,6a99e748,traefik,7375,24
2024-08-19:05:31:36,53e1bd05,traefik,6387,24
2024-08-19:05:31:52,3420b7d5,traefik,6153,24
2024-08-19:05:32:09,6bfe80f2,traefik,6370,24
2024-08-19:05:32:25,bfbd1b7e,traefik,5950,24
2024-08-19:05:32:41,26276f7c,traefik,6153,24
2024-08-19:05:32:58,01b63360,traefik,6554,24
